sample_id,instruction,base_answer,dpo_answer
1,What are some good browser alternatives to Chrome?,"What are some good browser alternatives to Chrome? What are the pros and cons of using each one?

Here's a list of popular browsers:

1. Google Chrome
Pros: 
- Free, open-source software
- Fast loading times
- Large user base
- Cross-platform compatibility

Cons:
- Can be slow on mobile devices
- Limited customization options compared","What are some good browser alternatives to Chrome? What are the pros and cons of using each one?

Here's a list of popular browsers:

1. Google Chrome
Pros: 
- Free, open-source software
- Fast loading times
- Large user base
- Cross-platform compatibility
- Many extensions available

Cons:
- Can be slow on older devices or"
2,"Hi, my sister and her girlfriends want me to play kickball with them. Can you explain how the game is played, so they don't take advantage of me?","Hi, my sister and her girlfriends want me to play kickball with them. Can you explain how the game is played, so they don't take advantage of me? Sure! Kickball is a popular sport that involves two teams of four players each. The objective is to score points by kicking a ball into the opposing team's goal.

Here are some basic rules for playing kickball:

1. Each team has 4 players: one goalkeeper (who kicks the ball), one defender (","Hi, my sister and her girlfriends want me to play kickball with them. Can you explain how the game is played, so they don't take advantage of me? Sure! Kickball is a popular sport that involves two teams of four players each. The objective is to score points by kicking a ball into the opposing team's goal.

Here are some basic rules for playing kickball:

1. Each team has 4 players: one goalkeeper (who kicks the ball), one defender ("
3,"Hi, I have some falafel, but no tahini to put on them. Can you give me a recipe for making tahini?","Hi, I have some falafel, but no tahini to put on them. Can you give me a recipe for making tahini? Yes, of course! Here's a simple recipe for making tahini:

Ingredients:
- 1 cup raw almonds
- 2 tablespoons olive oil
- 1/4 teaspoon salt
- 1/4 teaspoon black pepper

Instructions:

1. In a food processor or blender, combine the raw almonds,","Hi, I have some falafel, but no tahini to put on them. Can you give me a recipe for making tahini? Yes, of course! Here's a simple recipe for making tahini:

Ingredients:
- 1 cup raw almonds
- 2 tablespoons olive oil
- 1/4 teaspoon salt
- 1/4 teaspoon black pepper

Instructions:

1. In a food processor or blender, combine the raw almonds,"
4,Can you tell me how to make chocolate chip cookies?,"Can you tell me how to make chocolate chip cookies? I'm not very good at baking, but I'd like some tips on making the perfect chocolate chip cookie. Sure! Here are some steps to help you make delicious chocolate chip cookies:

Ingredients:
- 1 cup all-purpose flour
- 2 teaspoons baking powder
- 1/4 teaspoon salt
- ","Can you tell me how to make chocolate chip cookies? I'm not very good at baking. Sure, I'd be happy to help! Here's a simple recipe for making chocolate chip cookies:

Ingredients:
- 1 cup all-purpose flour
- 2 teaspoons baking powder
- 1/4 teaspoon salt
- 1/2 cup unsalted butter, softened"
5,How can I make bubble solution?,"How can I make bubble solution? To make a bubble solution, you need to follow these steps:

1. **Prepare the Solution**: You will need a mixture of water and sugar or another sweetener. The ratio of sugar to water is usually 1:9 (or 1 part sugar to 9 parts water).

2. **Mix the Sugar","How can I make bubble solution? To make a bubble solution, you need to follow these steps:

1. **Prepare the Solution**: You will need a mixture of water and sugar or another sweetener. The ratio of sugar to water is usually 1:9 (or 1 part sugar to 9 parts water).

2. **Mix the Sugar"
6,How is oil turned into gasoline?,"How is oil turned into gasoline? Oil is a complex mixture of hydrocarbons, and the process of converting it to gasoline involves several steps. Here's a simplified breakdown:

1. Cracking: The first step in the process is cracking, which breaks down the hydrocarbon molecules into smaller, more manageable pieces.

2. Fractional Distillation: These","How is oil turned into gasoline? Oil is a complex mixture of hydrocarbons, and it can be converted into gasoline through a process called fractional distillation. Here's how it works:

1. Fractional distillation: The crude oil is first heated to a high temperature (usually around 300-400°C) in a fraction"
7,How do I wrap a present neatly?,"How do I wrap a present neatly? To wrap a present neatly, you can follow these steps:

1. Choose the right wrapping paper: Select a type of wrapping paper that is suitable for your gift and the occasion. Some popular options include tissue paper, ribbon, or even a custom-made wrapping box.

2. Cut the wrapping paper to size: Use scissors","How do I wrap a present neatly? To wrap a present neatly, you can follow these steps:

1. Choose the right wrapping paper: Select a type of wrapping paper that is suitable for your gift and the occasion. Some popular options include tissue paper, ribbon, or even a custom-made wrapping paper.

2. Cut the wrapping paper to size: Use scissors"
8,What is some cool music from the 1920s?,"What is some cool music from the 1920s? The 1920s was a time of great cultural and artistic innovation, with many influential musicians and composers emerging in this era. Here are some notable examples:

1. Igor Stravinsky: A Russian composer who revolutionized ballet and opera, Stravinsky's works include ""The Rite of Spring""","What is some cool music from the 1920s? The 1920s was a time of great cultural and artistic innovation, with many influential musicians and composers emerging in this era. Here are some notable examples:

1. Igor Stravinsky: A Russian composer who revolutionized ballet and opera, Stravinsky's works include ""The Rite of Spring"""
9,"Hi, I'd like to play ice hockey. Can you explain how the game works?","Hi, I'd like to play ice hockey. Can you explain how the game works? Sure! Ice hockey is a team sport played on a frozen pond or lake using a rectangular rink with goal posts and a net. The objective of the game is to score points by hitting a small ball into the opposing team's goal.

The players are divided into two teams of six, each wearing special protective gear including","Hi, I'd like to play ice hockey. Can you explain how the game works? Sure! Ice hockey is a team sport played on a frozen pond or lake. The game consists of two teams of six players each, with one goaltender in front of the net. Each player wears a uniform and has a specific role in the game.

The objective of the game is for the opposing team to score goals"
10,Is the US border open to Canada?,"Is the US border open to Canada? Yes, the United States and Canada share a common border with each other. The border is located between the Atlantic Ocean on the east and the Pacific Ocean on the west. It is bordered by the states of New York, Pennsylvania, Ohio, Indiana, Illinois, Michigan, Minnesota, Wisconsin, Iowa, Kansas, Missouri,","Is the US border open to Canada? Yes, the US border is open to Canada. The United States and Canada share a land border with each other, which runs from the Atlantic Ocean in the west to the Pacific Ocean in the east. This shared border has been an integral part of American and Canadian history since the early days of the nation's formation.

The"
11,What are the names of some famous actors that started their careers on Broadway?,"What are the names of some famous actors that started their careers on Broadway? Some famous actors who started their careers on Broadway include:

1. Marlon Brando - He played the role of Dr. John Gielgud in ""The Godfather"" and was a star of the Broadway stage.

2. James Cagney - He played the role of Dr. John Gielgud","What are the names of some famous actors that started their careers on Broadway? Some famous actors who started their careers on Broadway include:

1. Marlon Brando - He played the role of Dr. John Gielgud in ""The Godfather"" and was a star of the Broadway stage.

2. James Cagney - He played the role of Dr. John Gielgud"
12,"Hi, I've decided to keep a rat as a pet. How do I house, feed, and otherwise care for it?","Hi, I've decided to keep a rat as a pet. How do I house, feed, and otherwise care for it? What are the best ways to handle a rat?

  • 1
    $\begingroup$ This is not a question about how to care for a rat. It's more of an answer to ""How do you get rid of rats?"" which is a different question altogether. $\endgroup$
    – user","Hi, I've decided to keep a rat as a pet. How do I house, feed, and otherwise care for it? What are the best ways to handle a rat?

  • 1
    $\begingroup$ This is not a question about how to care for a rat. It's more of an answer to ""How do you get rid of rats?"" $\endgroup$
    – user258734
"
13,"I have my grandfather's antique fountain pen and a bottle of ink, but have never done this before. Can you tell me how to refill the fountain pen?","I have my grandfather's antique fountain pen and a bottle of ink, but have never done this before. Can you tell me how to refill the fountain pen? To refill your grandfather's antique fountain pen with ink, follow these steps:

1. **Prepare Your Workspace**: Ensure that you have all necessary tools ready, including a clean, dry surface for refilling the fountain pen.

2. **Remove the Pen from the Fountain Pen**: Carefully remove the pen from the fountain pen","I have my grandfather's antique fountain pen and a bottle of ink, but have never done this before. Can you tell me how to refill the fountain pen? To refill your grandfather's antique fountain pen with ink, follow these steps:

1. **Prepare Your Workspace**: Ensure that you have all necessary tools and materials ready for refilling the fountain pen.

2. **Open the Pen Cap**: Carefully open the cap on the fountain pen by turning it counterclockwise until"
14,What breed dog is smallest?,"What breed dog is smallest? The smallest breed of dog is the Chihuahua. It has a height of only 12 inches at the shoulder and weighs just under 3 pounds. Other breeds that are smaller than the Chihuahua include the Pomeranian, Pug, and Shih Tzu. However, it's important","What breed dog is smallest? The smallest dog breed is the Chihuahua. It has a height of only 12 inches at the shoulder and weighs just under 3 pounds. Other smaller breeds include the Pomeranian, Chihuahua, and Dachshund. However, it's important to note that some dogs can be"
15,What is kevlar made out of?,"What is kevlar made out of? - plastic
- rubber
- wool
- carbon fiber
Answer:

carbon fiber","What is kevlar made out of? - plastic
- rubber
- wool
- carbon fiber
Answer:

carbon fiber"
